Player One,Player Two,Winner,Termination,Total Moves,Total Milliseconds,Starting Tile Index,Transcript,Winning Path One,Winning Path Two
Monte Carlo Beeline 3,Monte Carlo Beeline 3,One,Normal,25,175812,64,S19 N22 G S26 S24 G N16 S37 G S06 S39 G N26 S08 G N30 S40 G N38 S38 G S36 N31 G N30,N04 N16 N15 N14 N31 N30 S40 S39 S20 S19 S05 S04,
Monte Carlo Tree Search,Parallel MCTS,One,Normal,19,187090,25,S36 S39 G S27 N12 G S04 N23 G N02 S13 G N39 S22 G N27 N18 G N11+,N13 N12 N11 N27 N26 S36 S35 S17 S16 S04 S03 S13,
Parallel MCTS,Monte Carlo Beeline 3,Two,Normal,18,173556,36,N38 S11 G S31 N20 G S35 N07 G N21 N12 G N05 N01 G N28 S39 G,,N02 N01 N07 N06 N21 N22 S32 S31 S14 S13 S12 S11 S10 S02
Monte Carlo Tree Search,Monte Carlo Tree Search,One,Normal,27,194647,25,S36 N09 G N30 N11 G N03 N04 G N28 N27 G N15 N14 G S03 N04 G N15+ N28 G S31 S10 G N27 S25 G,N16 N04 N03 N13 N12 N11 N27 N26 S36 S35 S17 S16,
Parallel MCTS,Monte Carlo Tree Search,Two,Normal,21,205134,13,N04 N33 G N11 S18 G S27 S10 G S33 S25 G S27+ S08 G N26 S03 G S13 N30 G,,N10 N11 N12 N29 N30 N31 N32 S22 S23 S08 S09 S10
Parallel MCTS Beeline,Monte Carlo Beeline 4,Two,Normal,21,211873,44,S38 N27 G N32 N17 G S35 N23 G N30 N24 G N13 N30+ G N28 N24 G N40 N08+ G,,N22 N23 N08 N09 N10 N11 N27 N28 N29 N30 N31 N32 S22
Monte Carlo Beeline 4,Monte Carlo Beeline 4,Two,Normal,30,209428,78,S12 S13 G N39 N40 G S07 S25 G N39+ N23 G N28 S23 G S02 S01+ G N21 N40 G S21 N26 G N21+ S39 G S02 N29+ G,,N33 N34 S24 S25 S09 S10 S02 S03 S04 S16 S15 S33
Monte Carlo Beeline 4,Parallel MCTS,One,Normal,19,178118,29,S40 S05 G N26 S36 G N09 S25 G N01 S32 G S15 N28 G N18 N37 G S35+,N22 S32 S33 S34 S35 S36 S37 S38 S39 S40 S21 S22,
Monte Carlo Beeline 4,Monte Carlo Tree Search,Two,Normal,27,185748,29,S40 N13 G S24 N11 G S11 S01 G N09 S08 G S09 S25+ G S02+ S09+ G N10 S07 G S23 S34 G N23 N02+ G,,S24 N34 N33 N15 N16 N04 N05 N01 N07 N08 N09 N25 N24
Monte Carlo Beeline 4,Parallel MCTS Beeline,One,Normal,24,221126,0,N07 S14 G S19 S39 G N11 S26 G S11 S35 G N19 S33 G N28 N12+ G N05+ N29 G N34 S34 G,N21 N06 N07 N01 N02 N10 N11 N27 N28 S38 S39 S40 S21,
Parallel MCTS Beeline,Parallel MCTS Beeline,One,Normal,21,233555,17,N05 S39 G N39 S04 G S25 S16 G N27 N37 G S10 N18 G N35 N33 G N18 N21 G,N01 N05 N19 N18 N37 N36 S26 S25 S09 S10 S02 S01,
Parallel MCTS Beeline,Monte Carlo Tree Search,Two,Normal,24,222063,37,S28 S34 G S01 N11 G N19 N02 G N32 S02 G S16 S37 G S05+ S23 G N08 S40 G S40+ N16 G,,S32 S33 S34 S35 S36 S37 S38 S39 S40 N30 N31 N32
Monte Carlo Tree Search,Monte Carlo Beeline 3,One,Normal,30,201400,36,N38 S01 G S31 N08 G S06 N20 G N01 N40 G N22 N27 G S35 S36 G S25 S23 G S38 N21+ G N30 S26 G S07 S37+ G,S36 N26 N25 N24 N23 N22 N21 N40 N39 N38 N37 N36,
Parallel MCTS,Parallel MCTS,Two,Normal,22,262841,36,N38 N09 G N04 S37 G N08 N34 G S17 N24 G S09 S35 G N25+ S36+ G N24 S25 G S24+,,N25 N09 N10 N02 N03 N04 N16 N17 N35 N34 S24 S25
Parallel MCTS Beeline,Monte Carlo Beeline 3,Two,Normal,22,189867,6,N11 S40 G N36 N10 G S22 N32 G S05 S04 G N34 S08 G S02 N39 G S32 S13 G S06,,N38 N37 N36 S26 S25 S09 S08 S07 S06 S20 S39 S38
Parallel MCTS,Monte Carlo Beeline 4,Two,Normal,22,189541,76,S13 S04 G N23 S10 G S34 S15 G S25 S06 G N30 S01 G S01+ S08 G S33 S14 G S31,,N07 N08 N23 N22 S32 S31 S14 S15 S16 S04 S05 S01 S07
Monte Carlo Beeline 3,Parallel MCTS,Two,Normal,22,189633,36,N38 S02 G S25 S33 G N04 N18 G S18 N36 G N26 N15 G S30 N22 G N21 S30+ G N13,,N13 N14 N15 N33 N34 S24 S25 S09 S10 S02 S03 S13
Monte Carlo Beeline 3,Monte Carlo Beeline 4,Two,Normal,36,240874,60,S16 S05 G N37 S11 G S36 S13 G N14 S02 G S04 S03 G S01+ N04 G S21 S40 G N11 S24 G N30 N31+ G S28 S40 G S31 S12 G S39 S04 G,,N13 N14 N15 N16 N17 N18 N37 N38 S28 S29 S12 S13
Monte Carlo Beeline 3,Monte Carlo Tree Search,Two,Normal,30,195496,31,N31 N28 G S22 S39 G S05 N15 G S03 S14 G S16 S33 G S21+ S15 G S40 N30 G N40 S30 G S28 N03 G N39 S40 G,,N25 N26 N27 N11 N12 N13 N03 N04 N16 N17 N35 N34 S24 S25
Parallel MCTS Beeline,Parallel MCTS,Two,Normal,28,269448,70,S06 S08 G N13 N17 G N16 N31 G S33 S10 G N10 S27 G S12 S31 G S36 N39 G N25 S22 G N26 N25+ G S14,,N25 N24 S34 S33 S15 S14 S13 S12 S11 S27 S26 S25
Parallel MCTS,Parallel MCTS Beeline,One,Normal,21,208361,28,N30 N02 G S26 N17 G N39 S35 G N15 N33 G S16 S19 G N34 N33+ G N35+ S33 G,S40 N30 N31 N14 N15 N16 N17 N18 N19 N20 N39 N40,
Monte Carlo Tree Search,Parallel MCTS Beeline,Two,Normal,22,160312,16,N19 N08 G N13 N10 G S10 N01 G S32 N04 G S19 S01 G S04 S06 G S15 N02 G N03,,N31 N14 N13 N03 N02 N01 N07 N08 N23 N22 S32 S31
Monte Carlo Beeline 4,Monte Carlo Beeline 3,One,Normal,27,177720,17,N05 N28 G S24 N24 G S26 S10 G S21 S08 G S16 N08 G N10 S01 G S09 S25 G N08 N06 G N22+ S23 G,N07 N06 N21 N22 S32 S33 S15 S16 S04 S05 S01 S07,
Monte Carlo Tree Search,Monte Carlo Beeline 4,Two,Normal,28,179955,16,N19 S18 G S25 S24 G S10 S25+ G S12 S14 G S23 S07 G S09 S08 G S08+ S13 G S03 S04 G S03 S16+ G S03,,N26 S36 S35 S17 S16 S04 S03 S13 S12 S11 S27 S26
Monte Carlo Beeline 3,Parallel MCTS Beeline,Two,Normal,34,284235,23,N23 S20 G S28 S05 G N05 S14 G S25 S26 G S10 S16 G S18 S37 G S17 N16 G N17 N18 G S18 S26 G S27 S26 G S18 S25+ G S18,,N30 S40 S39 S20 S19 S18 S17 S16 S15 S14 S31 S30
Monte Carlo Tree Search,Monte Carlo Beeline 3,One,Normal,18,118134,3,N06 N16 G N28 N35 G S37 N39 G S07 N19 G N25 N37 G S19 N25+ G,N18 N19 N20 N06 N07 N08 N09 N25 N26 S36 S37 S18,
Monte Carlo Tree Search,Monte Carlo Tree Search,Two,Normal,21,129952,23,N23 N20 G S15 S31 G S11 S29 G S13 S04 G S17 N16 G S02 S12 G S06 S12 G,,N15 N16 N04 N05 N19 N20 N39 N38 S28 S29 S12 S13 S14 S15
Monte Carlo Beeline 4,Monte Carlo Beeline 4,One,Normal,21,137471,4,N10 N13 G N17 S12 G N20 N08 G S01 S17 G S38 N01 G S04 S15 G S14 S36 G,N27 N28 S38 S37 S18 S17 S16 S15 S14 S13 S12 S11 S27,
Monte Carlo Tree Search,Parallel MCTS,One,Normal,19,147553,23,N23 S06 G S28 S10 G S14 S25 G S03 S13 G N36 S26 G S09 S11+ G N10,N10 N09 N08 N23 N22 S32 S31 S14 S13 S12 S11 S10,
Monte Carlo Beeline 3,Parallel MCTS,One,Normal,21,136113,11,N12 S19 G S24 N34 G S26 N15 G S24+ N17 G N04 N02 G S34 N03 G N24 S36 G,N27 N11 N12 N13 N03 N04 N16 N17 N35 N36 S26 S27,
Parallel MCTS,Monte Carlo Beeline 4,One,Normal,21,143571,29,S40 N29 G N40 S34 G N02 N10 G S22 N08 G N18 S36 G S16 S17 G N05 S38 G,N17 N18 N19 N05 N01 N07 N08 N23 N24 S34 S35 S17,
Parallel MCTS,Monte Carlo Beeline 3,One,Normal,18,156929,26,N25 N33 G S27 S30 G N29 S40 G S12 S29 G S33 S14 G N22 S31+ G,N29 N28 N27 N26 N25 N24 S34 S33 S32 S31 S30 S29,
Monte Carlo Beeline 3,Monte Carlo Beeline 3,Two,Normal,27,159404,15,N15 N10 G N20 S10 G N27 N30 G N12 S21 G N28 N29 G N40 N04 G N07 S07 G S24 S19 G S20 S04 G,,N30 N29 N12 N11 N10 N02 N01 N07 N06 N21 N40 S30
Monte Carlo Beeline 4,Monte Carlo Tree Search,Two,Normal,24,162479,4,N10 N20 G S33 N16 G S20 S37 G N35 S35 G S05 N33 G N18 N30 G N22 S40 G S30 S34 G,,S32 S31 S30 N40 N39 N38 N37 N36 N35 N34 N33 N32
Parallel MCTS,Parallel MCTS Beeline,One,Normal,19,166846,67,S20 N23 G N38 S26 G N27 S11 G S09 S02 G N02 S37 G S01 N05 G N02+,N05 N01 N02 N10 N11 N27 N28 S38 S39 S20 S19 S05,
Monte Carlo Beeline 4,Parallel MCTS,Two,Normal,22,173674,4,N10 S06 G N17 N31 G S23 S25 G N23 S17 G S08 S07+ G S36 S08 G N08 S09+ G S02,,N19 N18 N37 N36 S26 S25 S09 S10 S02 S01 S07 S06 S20 S19
Parallel MCTS,Parallel MCTS,One,Normal,24,186698,35,N35 S06 G S13 S01 G N11 N16 G N19 N14 G S16 N32 G S35 N33 G N33+ N03 G N29 N13+ G,N26 N27 N11 N12 N13 N14 N15 N33 N34 N35 N36 S26,
Parallel MCTS Beeline,Monte Carlo Tree Search,One,Normal,25,196993,60,S16 S23 G N29 N30 G S21 S20 G N19 S07 G N37 S08+ G S28 S07 G S39 S02 G S37 S06 G S05,N14 N31 N30 S40 S21 S06 S07 S01 S05 S04 S16 S15 S14,
Parallel MCTS Beeline,Parallel MCTS Beeline,One,Normal,25,206210,50,S23 N17 G N30 N31 G N04 S02 G S25 S09 G S04 S10 G N01 N09 G N10 S09 G N08 N23 G N08,N08 N09 N10 N02 N03 N13 N14 N31 N32 S22 S23 S08,
Monte Carlo Beeline 4,Monte Carlo Beeline 3,One,Normal,25,158348,1,N01 N36 G S32 N32 G S27 S09 G S06 S07 G S23 N14 G N40 N16 G N39 S17 G N15 S40 G N15,N08 N07 N01 N05 N04 N16 N15 N33 N32 S22 S23 S08,
Monte Carlo Beeline 3,Monte Carlo Beeline 4,Two,Normal,33,208373,15,N15 N04 G N36 S09 G S30 S23 G S12 N18 G N34 S24 G N39 N25 G S28 N38 G S39 S40 G S01 N23 G N23+ N08 G S21 N10+ G,,N11 N10 N02 N01 N05 N19 N20 N39 N38 S28 S27 S11
Parallel MCTS Beeline,Monte Carlo Beeline 4,Two,Normal,27,208851,14,N17 S34 G N13 N10 G S13 N04 G N08 S07 G N05 S20 G S05 S40 G N01 N06 G N05 S18 G S37 S19+ G,,N20 N06 N07 N08 N23 N24 S34 S35 S17 S18 S19 S20
Monte Carlo Tree Search,Monte Carlo Beeline 4,One,Normal,27,161869,42,S35 N24 G S14 S13 G N09 S04 G S23 S01 G S05 N27 G S10 N25 G N01 S19 G N19 S05+ G N11 S16+ G,N01 N02 N10 N09 N25 N26 S36 S37 S18 S19 S05 S01,
Parallel MCTS Beeline,Parallel MCTS,Two,Normal,27,215776,2,N08 N28 G N04 N03 G N32 N14 G S01 N12 G S14 N29+ G S12 N31 G S10 S03 G S29 N13 G S19 N20 G,,N29 N28 S38 S39 S20 S06 S07 S01 S02 S03 S13 S12 S29
Monte Carlo Beeline 4,Parallel MCTS Beeline,Two,Normal,28,215842,34,N33 S06 G S27 S10 G N12 N10 G S25 N40 G S38 N28 G N17 N35 G N26 N27 G S38 S39 G N18 N19 G S39,,N08 N09 N10 N11 N27 N28 S38 S39 S20 S06 S07 S08
Monte Carlo Beeline 3,Monte Carlo Tree Search,One,Normal,31,198265,27,N27 N32 G N01 N07 G S21 N09 G N25 N03 G N04 N05+ G S02 S09 G S27 S24 G S07 S04 G N10 N08 G S03+ S10 G S07,N10 N11 N27 N28 S38 S39 S20 S06 S07 S08 S09 S10,
Monte Carlo Tree Search,Parallel MCTS Beeline,Two,Normal,28,177070,42,S35 S15 G N19 S01 G S24 S18 G N21 S17+ G N04 N16 G S17 S16 G N15 S40 G N15 N33 G S17 S33 G N15,,N15 N16 N17 N18 N19 N20 N39 N40 S30 S31 S14 S15
Parallel MCTS,Monte Carlo Tree Search,One,Normal,31,236556,75,S11 S25 G S04 S08 G S40 S10 G S10 S17 G N35 N15 G S33 S15 G N33 S33+ G N33 N34 G S23 N24 G S15 N34+ G S24,N35 N34 S24 S23 S22 S21 S06 S20 S19 S18 S17 S35,
Parallel MCTS Beeline,Monte Carlo Beeline 3,One,Normal,33,255472,31,N31 N28 G S07 S39 G S05 S04 G S18 N26 G N05 N16 G N13 N35 G S38 N37 G N03 S28 G S26 S27 G S37 S29 G N18 S18 G,N30 N31 N32 N33 N34 N35 N36 S26 S27 S28 S29 S30,
Monte Carlo Beeline 3,Parallel MCTS Beeline,One,Normal,49,301356,15,N15 S06 G S31 N40 G S08 N32 G S27 S13 G S33 S02 G S29 N26 G S05 S35 G S07 S37 G S10 N11 G S32 S24 G S10 N08 G S34 S19 G N36 N08+ G S02 N12 G N23 N11+ G N10 N23 G S02,N02 N03 N04 N16 N17 N35 N34 S24 S25 S09 S10 S02,
Monte Carlo Tree Search,Monte Carlo Beeline 4,One,Normal,19,128734,10,N14 N20 G N24 S37 G N18 N28 G S28 S39 G N09 S25 G S40 S27 G S40,N18 N17 N16 N15 N14 N31 N30 S40 S39 S38 S37 S18,
Monte Carlo Beeline 3,Monte Carlo Tree Search,One,Normal,21,134121,77,S03 S01 G S28 N28 G S06 S33 G N26 S30 G S16 N06 G S19 S37 G S18 S35 G,N12 N29 N28 S38 S37 S18 S17 S16 S04 S03 S13 S12,
Monte Carlo Beeline 3,Parallel MCTS,Two,Normal,21,157091,64,S19 N04 G S10 N34 G S32 N38 G S06 S01 G N18 N07 G N20 S23 G S08 N10 G,,N10 N02 N01 N07 N06 N20 N39 N38 S28 S27 S11 S10
Parallel MCTS,Monte Carlo Beeline 3,One,Normal,19,157194,66,S18 N22 G S26 S27 G S03 N38 G S10 S27+ G N36 S29 G N28 S11+ G S26,S36 S35 S17 S16 S04 S03 S13 S12 S11 S27 S26 N36,
Parallel MCTS Beeline,Monte Carlo Tree Search,Two,Normal,21,157522,13,N04 S09 G S39 N27 G N35 S36 G S28 S27 G N36 S28+ G S12 S11 G S26 S11 G,,N38 S28 S29 S12 S11 S10 S09 S08 S07 S06 S20 S39 S38
Monte Carlo Tree Search,Monte Carlo Beeline 3,One,Normal,24,159386,9,N03 S14 G S40 S18 G N27 S01 G S07 S03 G S03+ S05 G S16 N35 G S04 S10 G S04 N15 G,S36 N26 N25 N09 N10 N02 N03 N04 N16 N17 N35 N36,
Monte Carlo Beeline 3,Parallel MCTS Beeline,One,Normal,24,163350,45,N28 S19 G S22 S06 G N08 N06 G N30 S39 G S08 N10 G N25 S11 G S10 S09 G S09 S01 G,N27 N28 S38 S39 S20 S06 S07 S01 S02 S10 S11 S27,
Monte Carlo Beeline 4,Parallel MCTS,Two,Normal,22,166811,1,N01 N17 G N40 S32 G N13 N23 G N32 N34 G N27 S35 G N15 S21 G S21+ S40 G S22,,N22 N21 N40 N39 N38 N37 N18 N17 N16 N15 N33 N32 S22
Parallel MCTS,Parallel MCTS Beeline,Two,Normal,22,176792,8,N13 S34 G S12 S26 G S36 N35 G S01 S22 G N08 S24 G N10 S08 G N01 N09 G N09,,N10 N09 N25 N24 S34 S33 S15 S14 S13 S03 S02 S10
Parallel MCTS Beeline,Parallel MCTS,Two,Normal,22,177037,60,S16 N12 G S20 S07 G S22 S05 G S03 N03 G S38 S40 G S10 S04 G S01 S02+ G S04,,N10 N11 N12 N29 N30 S40 S39 S20 S19 S05 S04 S03 S02 S10
Monte Carlo Beeline 3,Monte Carlo Beeline 4,Two,Normal,28,180986,77,S03 S12 G S15 S14 G N39 S15+ G N04 S31 G N33 S13 G N37 S26 G N26 N08 G N22 N01 G S28 N09 G N01,,N16 N04 N05 N01 N07 N08 N23 N24 S34 S35 S17 S16
Monte Carlo Tree Search,Parallel MCTS Beeline,One,Normal,25,183926,8,N13 N28 G S24 S21 G S05 N15 G N30 N31 G N32 S07 G S20 S06+ G N09 S07 G S20 S32 G S07,N02 N03 N13 N14 N31 N32 S22 S21 S06 S07 S01 S02,
Monte Carlo Beeline 4,Monte Carlo Beeline 3,One,Normal,27,186412,56,S30 N23 G N39 N40 G S05 S14 G S07 S08 G S40 S27 G N13 S12 G S03 S39 G S13 S22 G S13 N10 G,N21 N40 S30 S29 S12 S13 S03 S02 S10 S09 S08 S23 S22 S21,
Parallel MCTS,Parallel MCTS,One,Normal,25,186945,79,S14 S02 G S36 S18 G N20 S16 G S24 S05 G N33 S01+ G S17 S25 G S03 S13 G S05 N16 G N17,S32 S31 S30 N40 N39 N20 N19 N18 N17 N16 N15 N33 N32,
Parallel MCTS Beeline,Parallel MCTS Beeline,One,Normal,25,187085,8,N13 N06 G N17 S06 G N24 N11 G N31 N19 G N29 N30 G N38 S18 G S23 S35 G N26 S02 G S35,N23 N24 S34 S35 S17 S18 S19 S20 S06 S07 S08 S23,
Monte Carlo Beeline 4,Parallel MCTS Beeline,Two,Normal,28,191395,37,S28 N24 G N05 N16 G S05 S18 G S20 S35 G S36 N36 G N28 N11 G N26 S15 G N18 S25 G N34 S17 G S17,,N06 N21 N22 S32 S33 S15 S16 S17 S18 S19 S20 S06
Parallel MCTS Beeline,Monte Carlo Beeline 4,Two,Normal,27,197243,34,N33 N34 G N05 N19 G S33 N05+ G N40 S08 G S04 S15 G N29 N17 G N06 S01 G N21+ S19 G N06 N19 G,,N29 N12 N13 N03 N04 N05 N19 N20 N39 N40 S30 S29
Monte Carlo Beeline 4,Monte Carlo Beeline 4,Two,Normal,33,206061,37,S28 N05 G S14 S31 G N16 N29 G S23 N34 G S07 N36 G S18 N03 G S39 S25 G S02 N24 G N37 N18 G S24+ N09 G N25+ N02 G,,N02 N10 N11 N27 N26 S36 S35 S17 S16 S04 S03 S02
Monte Carlo Beeline 3,Monte Carlo Beeline 3,Two,Normal,34,216179,42,S35 S03 G N22 S32 G N30 N32 G S30 S31 G S29 N14 G S30 S23 G S14 S06 G S30 N04 G S22 S12 G N10 N12+ G S29 N02 G S29,,N07 N06 N21 N40 S30 S29 S12 S11 S10 S02 S01 S07
Monte Carlo Beeline 4,Monte Carlo Tree Search,Two,Normal,34,221465,1,N01 N23 G N28 N25 G S33 N10 G S30 S32 G N21 N22+ G S06 N09 G N08 N07 G N07+ S08 G S11 S04 G S03 S05 G S05+ S04+ G S05,,N13 N12 N29 N30 S40 S39 S20 S19 S05 S04 S03 S13
Parallel MCTS Beeline,Monte Carlo Beeline 3,One,Normal,31,226110,32,N34 S04 G S27 N11 G S29 N21 G N13 N07 G N30 N26 G S06 S31 G S36 N18 G S36 N36 G S35 S33 G N31 N23 G S21,N23 N08 N09 N10 N11 N12 N29 N30 S40 S21 S22 S23,
Parallel MCTS,Monte Carlo Beeline 4,One,Normal,31,227882,24,N26 S40 G N04 N31 G S01 S24 G N09 N35 G S28 N33 G S18 N32+ G N33 N29 G N13 N28+ G S31 N29 G S30 N30 G S30,N30 N31 N32 N33 N34 N35 N36 S26 S27 S28 S29 S30,
Monte Carlo Tree Search,Parallel MCTS,Two,Normal,34,229306,42,S35 S34 G N28 N25 G S01 S05 G N10 S39 G N08 S06 G N06 N21 G N40 S21 G N06+ S01 G N05 N01 G N01+ S40 G S07+ N39 G S06,,N06 N07 N01 N02 N03 N13 N12 N29 N30 N31 N32 S22 S21 S06
Monte Carlo Tree Search,Monte Carlo Tree Search,One,Normal,45,255322,29,S40 S20 G S24 S07 G S11 S02 G S09 N35 G S04 S28 G N07 N39 G N26 N15 G N04 N34 G S35 S14 G S22 S03 G N11 S17 G N33 S33 G S22 S15 G S15+ N33 G S05 S24 G,S36 N26 N27 N28 N29 N30 N31 N32 N33 N34 N35 N36,
Parallel MCTS,Monte Carlo Tree Search,Two,Normal,39,275092,30,N29 S01 G N15 S08 G N19 S40 G N01 N31 G S06 S25 G N25 S09+ G S34 S25 G S32 N23 G S24+ S25+ G S36 N26+ G N14+ S36+ G N25 S11 G S11+ S09 G,,N09 N10 N02 N03 N04 N16 N17 N35 N34 S24 S25 S09
Parallel MCTS Beeline,Monte Carlo Tree Search,Two,Normal,18,109532,57,N40 S20 G N33 S36 G N02 S16 G S23 S05 G S18 S19+ G S05 S29 G,,N15 N33 N32 S22 S21 S06 S20 S19 S05 S04 S16 S15
Monte Carlo Beeline 4,Monte Carlo Tree Search,Two,Normal,21,129225,37,S28 S04 G N32 S22 G S37 S24 G S08 S15 G S32 S17 G N24 S33 G S34 N17 G,,N17 N35 N34 S24 S23 S08 S07 S01 S05 S04 S16 S17
Parallel MCTS,Parallel MCTS Beeline,Two,Normal,22,138320,24,N26 S04 G S39 N30 G N22 N11 G N28 S37 G N27+ S29 G N28 N27 G N19 N39 G N38,,N39 N38 S28 S29 S12 S13 S03 S04 S05 S19 S20 S39
Parallel MCTS Beeline,Parallel MCTS Beeline,Two,Normal,22,138504,54,S27 N06 G N36 S26 G S20 N29 G S38 N18 G S04 N25 G S40 N09 G S03 N13 G N23,,S40 N30 N29 N28 N27 N26 N25 N24 N23 N22 N21 N40
Parallel MCTS,Monte Carlo Beeline 3,Two,Normal,22,138606,70,S06 N35 G S12 S13 G N33 S04 G S02 S17 G N04 S19 G N19 N05 G S19 S16 G N16,,N16 N17 N35 N36 S26 S27 S11 S10 S02 S03 S04 S16
Monte Carlo Tree Search,Monte Carlo Beeline 4,Two,Normal,22,139052,9,N03 N13 G N16 N29 G N35 S40 G S05 S04 G N19 N18 G N37 N32 G S36 N30 G N39,,N39 N38 N37 N18 N17 N16 N15 N14 N31 N30 S40 S39
Monte Carlo Tree Search,Monte Carlo Tree Search,Two,Normal,22,144783,14,N17 N39 G N10 N11 G S11 N15 G S26 N11+ G S24 N04 G S22 N01 G S19 N19 G S22+,,N21 N06 N20 N19 N05 N04 N16 N15 N33 N32 S22 S21
Monte Carlo Tree Search,Parallel MCTS,Two,Normal,22,147299,73,S02 S19 G S33 S17 G N24 S04 G N40 S14 G N16 S15+ G S15+ S34 G S14 N35 G S33,,N39 N40 S30 S31 S32 S33 S15 S16 S04 S05 S19 S20 S39
Monte Carlo Beeline 4,Parallel MCTS,One,Normal,25,157910,37,S28 S32 G S01 N07 G S06 N09 G S08 S04 G S03 N13 G S02+ N15 G S13 N31 G S03 N32 G N04,N06 N07 N01 N05 N04 N16 N15 N33 N32 S22 S21 S06,
Monte Carlo Tree Search,Monte Carlo Beeline 3,Two,Normal,28,166373,14,N17 S28 G S35 S09 G S05 N04 G N19 S37 G N13 S03 G N36 N18+ G N19 S24 G S24 N03 G N33 N19 G S04,,N04 N05 N19 N20 N39 N38 S28 S29 S12 S13 S03 S04
Monte Carlo Beeline 3,Parallel MCTS,Two,Normal,27,176651,14,N17 S22 G N04 N16 G S12 N04+ G S17 N15 G S33 S14 G N14 N13 G N14 N12 G S16+ N40 G N22 S24+ G,,N07 N01 N02 N10 N11 N12 N29 N30 S40 S21 S06 S07
Monte Carlo Beeline 4,Parallel MCTS Beeline,Two,Normal,28,177541,37,S28 S29 G N19 S28+ G S34 S11 G S25 N01 G S04 N23 G S32 S23 G N10 N28 G N25 N33 G S30 S14 G N24,,N25 N24 N23 N22 S32 S31 S14 S13 S12 S11 S10 S09 S25
Monte Carlo Beeline 4,Monte Carlo Beeline 3,Two,Normal,28,178047,56,S30 N23 G N39 N40 G S05 S14 G S07 S22 G S27 S23 G N13 N10 G S01 S02 G S10 S25 G S26+ S23 G S09,,N08 N23 N22 S32 S31 S14 S13 S03 S02 S10 S09 S08
Parallel MCTS,Monte Carlo Beeline 4,Two,Normal,28,178483,65,S05 N05 G S13 S12 G S38 S13+ G S10 S25 G S30 N38 G S27 S26 G S28 S08 G S28 S27 G S22 S21 G S27,,N10 N02 N01 N07 N06 N20 N39 N38 S28 S27 S11 S10
Parallel MCTS,Parallel MCTS,Two,Normal,28,178574,41,N24 S07 G N11 N05 G S20 S35 G N16 N13 G S16 S18 G N03 S05 G N04 S05 G N03 S19 G N02 N03+ G S19,,N10 N11 N27 N26 S36 S37 S18 S19 S05 S01 S02 S10
Monte Carlo Beeline 3,Parallel MCTS Beeline,Two,Normal,30,196393,9,N03 S34 G S40 S22 G N40 S08 G N31 S38 G S10 S02 G S12 S20 G S23 S25 G S05 S14 G S04 S02 G N28 S08 G,,N26 N25 N24 S34 S35 S17 S16 S04 S03 S02 S10 S09 S25 S26
Monte Carlo Tree Search,Parallel MCTS Beeline,One,Normal,33,196895,1,N01 N13 G N08 N11 G N37 S10 G N28 N27 G S36 N26 G N26 N28 G S24 S38 G S28 S07 G S30 S14 G S38 S33 G S08 S01 G,N06 N20 N19 N18 N17 N35 N34 S24 S23 S08 S07 S06,
Monte Carlo Beeline 3,Monte Carlo Beeline 4,One,Normal,31,197238,14,N17 N08 G N28 N27 G N01 N07 G S05 S15 G S11 N10 G S26 N40 G N39 S31 G S13 N11 G N13 S35 G S14 S13 G N13,N13 N14 N15 N16 N17 N18 N37 N38 S28 S29 S12 S13,
Parallel MCTS,Monte Carlo Tree Search,One,Normal,31,198980,35,N35 N19 G N14 N04 G N10 N02 G S30 N10+ G N01 N15+ G S05 N16+ G S20 S13 G S13+ S03 G S20+ N16 G S19 N18+ G N18+,N23 N08 N07 N01 N05 N19 N18 N17 N35 N34 S24 S23,
Parallel MCTS Beeline,Monte Carlo Beeline 4,Two,Normal,33,203838,56,S30 N40 G S32 S31 G N22 S32+ G S18 S34 G S16 S33+ G N15 N16 G S35 N35 G N26 S07 G N34 S37+ G N33+ N34 G S23 N34 G,,S32 N22 N21 N06 N20 N19 N18 N37 N36 N35 N34 N33 N32
Parallel MCTS Beeline,Monte Carlo Beeline 3,One,Normal,33,215929,10,N14 N20 G N10 S10 G N27 N33 G S21 N18 G N01 N07 G N16 N04 G S17 S04 G S37 S15 G S19 N18 G S16 N04 G S36 S34 G,N11 N27 N26 S36 S35 S17 S18 S19 S05 S01 S02 S10 S11,
Monte Carlo Beeline 4,Monte Carlo Beeline 4,Two,Normal,34,216318,37,S28 N19 G N23 N17 G N13 N36 G S38 N26 G S35 N18 G S25 N25 G S17 S16 G N11 S26 G S26 N35 G S24+ N34 G N34 S33+ G N34,,N08 N07 N06 N20 N19 N18 N17 N35 N34 S24 S23 S08
Parallel MCTS Beeline,Parallel MCTS,Two,Normal,34,217624,48,S22 S20 G N31 N32 G S02 N31+ G N17 S18 G N37 N18 G S19+ S40 G S40 N29+ G S35 N28 G N28 N27 G S16 N28 G N26 N25 G N28,,N16 N04 N03 N13 N12 N29 N28 S38 S37 S36 S35 S17 S16
Monte Carlo Beeline 3,Monte Carlo Beeline 3,One,Normal,37,235691,14,N17 S28 G N24 N28 G N03 S37 G S02 S35 G N26 N12 G N10 N21 G N30 S36 G S36 S19 G S19 S39 G S32 N36 G N22 S20 G S22 S39 G N26,N26 N27 N28 N29 N30 N31 N32 N33 N34 N35 N36 S26,
Monte Carlo Beeline 3,Monte Carlo Tree Search,Two,Normal,45,249302,14,N17 N39 G S10 S28 G N08 N04 G S12 S30 G S31 N33 G S33 S15 G N14 N15 G S17 N16 G N16 S29 G S29 N30 G N14 S32 G S29+ S34 G S30 N14 G S39 N40 G S16 S26 G,,N07 N01 N02 N03 N13 N14 N31 N32 S22 S23 S08 S07
Monte Carlo Tree Search,Parallel MCTS Beeline,One,Normal,19,118085,67,S20 S33 G S02 S24 G S35 N08 G S22 S24+ G N02 S08 G S07 S23+ G S22,N35 N34 S24 S23 S22 S21 S06 S20 S19 S18 S17 S35,
Monte Carlo Beeline 4,Parallel MCTS Beeline,One,Normal,19,121119,9,N03 N24 G S40 N40 G S38 S04 G S07 S15 G N20 S13 G N29 N39+ G S31,N14 N13 N03 N04 N05 N19 N20 N39 N40 S30 S31 S14,
Parallel MCTS Beeline,Parallel MCTS,One,Normal,19,127877,42,S35 N23 G S13 S32 G N21 N39 G S19 S39 G N19 N20 G S40 S21 G S40,N21 N22 S32 S33 S34 S35 S36 S37 S38 S39 S40 S21,
Monte Carlo Beeline 3,Monte Carlo Beeline 3,Two,Normal,21,131681,31,N31 S36 G N04 N35 G S12 N33 G S04 N11 G S08 N09 G N02 S17 G S22 S17 G,,N03 N02 N10 N09 N25 N26 S36 S35 S17 S16 S04 S03
Parallel MCTS Beeline,Monte Carlo Tree Search,Two,Normal,21,132125,59,S29 S26 G N40 N35 G S09 S15 G N05 S05 G S17 N13 G S23 S31 G S38 S33+ G,,N14 N13 N03 N04 N05 N19 N20 N06 N21 N22 S32 S33 S15 S14
Monte Carlo Tree Search,Parallel MCTS,Two,Normal,21,137487,73,S02 S29 G S24 S26 G N38 S09 G S11 S31 G N30 N14 G S30+ S10 G N03 S10 G,,N13 N14 N15 N33 N34 S24 S25 S09 S10 S11 S12 S13
Monte Carlo Beeline 3,Parallel MCTS,Two,Normal,21,137482,31,N31 S20 G S25 S26 G N24 N11 G N35 S38 G S17 N19 G N28 S23 G S25 S09+ G,,N19 N18 N17 N35 N34 S24 S25 S09 S08 S07 S06 S20 S19
Parallel MCTS,Monte Carlo Beeline 3,Two,Normal,22,138600,48,S22 N40 G N10 S27 G S38 S24 G S12 S14 G N35 N30 G S20 S40 G N13 N07 G S29,,N12 N11 N10 N02 N01 N07 N06 N21 N40 S30 S29 S12
Monte Carlo Beeline 3,Parallel MCTS Beeline,Two,Normal,22,147282,31,N31 N24 G S40 N30 G N36 S27 G S38 S29 G S07 S21 G N21 N40 G S40 S36 G S40,,N21 N22 N23 N24 S34 S35 S36 S37 S38 S39 S40 S21
Parallel MCTS,Parallel MCTS Beeline,One,Normal,24,157148,4,N10 S15 G S22 S06 G N28 N01 G S01 N06 G S08 S39 G N23 S20+ G S08+ S39 G N36 S18 G,N09 N10 N11 N27 N28 S38 S37 S18 S19 S20 S06 S07 S08 S09,
Monte Carlo Beeline 3,Monte Carlo Beeline 4,One,Normal,25,158057,31,N31 S40 G N10 N28 G S17 S37 G N36 S08 G N26 S34 G S25 N23 G S10 S26+ G N25 S35 G S36,N15 N14 N31 N30 N29 N28 N27 N26 S36 S35 S17 S16 S15,
Monte Carlo Tree Search,Monte Carlo Beeline 3,One,Normal,25,158232,73,S02 S30 G S09 S28 G S39 N37 G S11 N14 G N22 S21 G N30 N11 G S40+ N28 G S40 N27 G N27+,N13 N12 N11 N27 N28 S38 S39 S20 S19 S05 S04 S03 S13,
Monte Carlo Beeline 4,Parallel MCTS,One,Normal,25,159110,9,N03 S31 G S37 S38 G N37 N12 G S37+ N30 G S12 N14 G S02 N10 G S25 N11+ G S10 N10 G S25+,N09 N10 N02 N03 N04 N16 N17 N35 N36 S26 S25 S09,
Monte Carlo Tree Search,Monte Carlo Beeline 4,One,Normal,24,162331,12,N16 N19 G N08 S27 G S35 N14 G S03 S31 G N12 N05+ G S33 S32 G N03 N28 G S33 S14+ G,N26 S36 S35 S17 S16 S15 S14 S31 S30 S29 S28 S27 S26,
Monte Carlo Beeline 4,Monte Carlo Tree Search,Two,Normal,27,164416,9,N03 S24 G N20 S06 G N31 S01 G S17 S34 G N18 S36 G N25 S19 G S04 S05+ G N11 S28 G S19 S08+ G,,N26 S36 S35 S17 S16 S04 S03 S02 S10 S09 S25 S26
Monte Carlo Beeline 4,Monte Carlo Beeline 4,One,Normal,27,171449,9,N03 N31 G S25 N29 G S31 N39 G S40 N36 G S37 S18 G S27 S28 G S37+ N17 G S17 S18 G S18+ N06+ G,N19 N05 N01 N02 N10 N11 N27 N26 S36 S37 S18 S19,
Parallel MCTS,Parallel MCTS,Two,Normal,28,177795,72,S10 N18 G N31 N40 G S20 S29 G S38 N29 G S31 S40 G S13 S14 G S39 S13+ G S03 N38 G S16 S15 G S39,,S36 S37 S38 S39 S40 N30 N31 N32 N33 N34 N35 N36
Parallel MCTS,Monte Carlo Beeline 4,One,Normal,30,196237,46,S39 N26 G N02 S35 G S31 S19 G S37 S38+ G S36 N36 G S37 S25 G S27 S26 G S37 S25+ G N26 S28 G S12 S29+ G,N22 S32 S31 S30 S29 S28 S27 S26 S25 S24 S23 S22,
Monte Carlo Beeline 3,Monte Carlo Tree Search,Two,Normal,33,207654,48,S22 S19 G N31 N32 G S03 N31+ G S10 S38 G N38 N36 G N25 S16 G N17 S35 G N19 S02 G N04 N06 G S33 N35 G N10 N26+ G,,N19 N20 N06 N07 N08 N23 N24 S34 S35 S17 S18 S19
Parallel MCTS Beeline,Monte Carlo Beeline 4,Two,Normal,33,208970,41,N24 S38 G S04 N27 G N30 N29 G S29 S19 G S17 S21 G S07 S01 G N20 N18 G S07+ S01 G S09 S25 G N19 N13 G S01 S23+ G,,N30 S40 S21 S22 S23 S24 S25 S26 S27 S28 S29 S30
Monte Carlo Beeline 4,Monte Carlo Beeline 3,One,Normal,33,210516,78,S12 S23 G S04 S07 G N09 N23 G S10 S17 G N01 N26 G S39 N11 G S37 N27 G N06 N28 G N37 S16 G N18 N38+ G S34 S33 G,N13 N03 N04 N05 N19 N18 N37 N38 S28 S29 S12 S13,
Monte Carlo Tree Search,Monte Carlo Tree Search,Two,Normal,33,211311,36,N38 S29 G N36 S26 G S07 N20 G S09 N21 G S15 N23 G S21 S22 G N33 S17 G S21+ N01 G S23 S04 G N03 N11 G N10 S35+ G,,N09 N25 N24 S34 S35 S17 S16 S04 S03 S02 S10 S09
Parallel MCTS Beeline,Monte Carlo Beeline 3,One,Normal,33,216005,51,S21 S22 G S02 S16 G N31 S18 G N04 N17 G S07 N36 G S05 S25 G N19 N20 G S05 S27 G N10 N07 G N16 N25 G N24 S29 G,N15 N14 N31 N30 N29 N12 N11 N10 N09 N25 N24 S34 S33 S15,
Parallel MCTS Beeline,Parallel MCTS Beeline,Two,Normal,33,216109,13,N04 S14 G S24 S27 G S03 N17 G N39 N40 G S20 S05 G S01 S17 G S07 S38 G N30 S19 G S21 S16 G N06 S36 G N08 N22 G,,N38 N37 N36 N35 N34 N33 N32 N31 N30 N29 N28 S38
Parallel MCTS,Monte Carlo Tree Search,Two,Normal,34,216125,15,N15 N37 G N02 S26 G N11 N12 G S11 N19 G N07 N18+ G S06 N19 G S39 S40 G N17 S01 G N04 S08 G N05 S22+ G S39 S08+ G S21,,S40 S21 S06 S07 S08 S09 S10 S11 S12 S29 S30 N40
Parallel MCTS Beeline,Parallel MCTS,One,Normal,19,120888,45,N28 N17 G S02 S25 G S40 S23 G N22 S07 G S08 N36 G N25 N34 G S26,N26 N27 N28 S38 S39 S40 S21 S06 S07 S08 S09 S25 S26,
Monte Carlo Tree Search,Monte Carlo Beeline 4,One,Normal,19,123026,34,N33 S28 G N01 N19 G S20 S22 G N39 N30 G N06 N17 G N21 N04 G N05,N19 N05 N04 N16 N15 N14 N31 N30 S40 S39 S20 S19,
Parallel MCTS,Monte Carlo Beeline 3,Two,Normal,21,129207,23,N23 N30 G S05 S39 G N14 S22 G S12 S08 G N37 S06 G S07 S13 G S28 S10 G,,N12 N29 N30 S40 S21 S06 S07 S01 S02 S10 S11 S12
Monte Carlo Beeline 3,Parallel MCTS,Two,Normal,21,137475,5,N02 N15 G N11 N10 G S37 N11+ G N24 N26 G S26 N09 G N10 N34 G N25 S33 G,,N33 N15 N14 N13 N12 N11 N10 N09 N08 N23 N24 S34 S33
Monte Carlo Tree Search,Parallel MCTS Beeline,Two,Normal,22,147320,34,N33 S06 G S26 S08 G S02 S24 G S22 N37 G S29 S28 G N28 S09+ G N39 S25 G S38,,S28 S27 S26 S25 S24 S23 S22 S21 S40 S39 S38 N28
Monte Carlo Beeline 4,Parallel MCTS,Two,Normal,22,147409,73,S02 N21 G N17 S34 G N15 S24 G N23 N36 G N19 S27 G N38 N09 G N25 N10 G S25+,,N23 N22 N21 N40 N39 N38 S28 S27 S26 S25 S24 S23
Parallel MCTS,Parallel MCTS Beeline,Two,Normal,22,147472,42,S35 N01 G N21 S12 G N31 S16 G S33 S32 G S08 S22 G S31 S20 G N34 S32 G N22,,N04 N05 N19 N20 N06 N21 N22 S32 S33 S15 S16 S04
Monte Carlo Tree Search,Parallel MCTS,One,Normal,24,148046,47,S37 N12 G S06 N30 G S14 N32 G S30 S29 G N15 N38 G S11 S12 G N28+ S29 G N14 S29 G,N29 N28 S38 S37 S18 S17 S16 S15 S14 S13 S12 S29,
Monte Carlo Beeline 3,Monte Carlo Beeline 3,Two,Normal,24,149288,0,N07 N08 G N02 S33 G N36 S30 G N22 S28 G N31 N30 G S12 S06 G S32 N21 G S29 S11 G,,N13 N03 N02 N10 N09 N08 N23 N22 N21 N40 S30 S29 S12 S13
Monte Carlo Tree Search,Monte Carlo Tree Search,One,Normal,24,149493,1,N01 N38 G N08 N40 G S27 N06 G S25 N20 G N20+ N18 G N20 N19+ G N19 N21 G S19 N10 G,N10 N02 N03 N04 N05 N19 N20 N39 N40 S30 S29 S12 S11 S10,
Monte Carlo Beeline 3,Parallel MCTS Beeline,One,Normal,24,150106,0,N07 S09 G S38 N28 G N37 N38 G N23 S36 G S12 S13 G S32 N10 G S03 S05 G N40 S18 G,S36 N26 N25 N09 N10 N02 N01 N05 N19 N18 N37 N36,
Parallel MCTS,Monte Carlo Beeline 4,One,Normal,24,157015,74,S09 S03 G N26 S28 G N06 S23 G S07 N09 G N32 N39 G N27+ N38+ G N17 N39 G N40 N17+ G,N10 N09 N08 N07 N06 N20 N19 N18 N37 N38 S28 S27 S11 S10,
Monte Carlo Beeline 3,Monte Carlo Beeline 4,Two,Normal,24,157243,0,N07 N02 G N18 N11 G S02 N09 G S11 S27 G N05 N04 G N22 N21 G S35 S24 G N34 S07 G,,S24 N34 N35 N17 N16 N04 N03 N02 N10 N09 N25 N24
Parallel MCTS,Parallel MCTS,One,Normal,24,157353,54,S27 N21 G N16 N05 G S15 N36 G S34 N39 G N38 N02 G S04 N01+ G N02 N37 G S01 N02+ G,N10 N02 N01 N05 N19 N20 N39 N38 S28 S27 S11 S10,
Monte Carlo Beeline 3,Monte Carlo Tree Search,One,Normal,25,157610,23,N23 S30 G S34 N28 G S07 N37 G S39 S15 G N32 N14 G S33+ N30 G S33 N16 G S14 N17 G N10,N07 N08 N09 N10 N11 N12 N29 N30 N31 N32 S22 S23 S08 S07,
Monte Carlo Beeline 4,Monte Carlo Beeline 3,One,Normal,25,157868,13,N04 N40 G S37 S24 G N10 N35 G N33 N37 G S28 N18 G S15 S32 G N18 N38 G N36 N18+ G N38,N08 N07 N01 N05 N19 N18 N37 N38 S28 S27 S26 S25 S09 S08,
Monte Carlo Tree Search,Monte Carlo Beeline 3,One,Normal,25,159655,70,S06 N03 G S29 N18 G S24 S19 G N21 N06 G N07 S23 G S23 S09 G N08+ N35 G S26 N32 G S24,N07 N06 N20 N19 N18 N17 N35 N34 S24 S25 S09 S08 S07,
Parallel MCTS Beeline,Monte Carlo Beeline 3,Two,Normal,27,161253,11,N12 S19 G S26 N36 G N23 N38 G S10 S29 G S28 N09 G N26 S02 G S26 N25 G N06 N08 G N02 S31 G,,N09 N25 N26 S36 S37 S38 S39 S20 S06 S07 S08 S09
Monte Carlo Beeline 4,Monte Carlo Tree Search,Two,Normal,27,166088,1,N01 N09 G N14 N13 G S32 N06 G N37 S18 G S38 N28 G N20+ N07 G S40 N30 G S34 N29 G N29 N07 G,,N26 N25 N09 N08 N07 N06 N20 N19 N18 N37 N36 S26
Monte Carlo Beeline 4,Parallel MCTS Beeline,Two,Normal,27,176590,73,S02 N29 G N35 N36 G S35 S27 G S25 N07 G N22 S15 G N24 N36 G N32 S21 G S23 S12 G N24 S22 G,,N25 N26 N27 N28 S38 S39 S40 S21 S22 S23 S24 S25
Parallel MCTS,Monte Carlo Tree Search,One,Normal,31,196365,32,N34 N37 G S25 S26 G N27 N15 G S40 N31 G S31 S28 G N12 S27+ G S31+ S12 G N30 S28 G N12 N14 G S29 N10+ G S29,S32 S31 S30 S29 S28 S27 S26 N36 N35 N34 N33 N32,
Parallel MCTS Beeline,Monte Carlo Tree Search,Two,Normal,34,214243,16,N19 N34 G N12 N13 G N30 N04 G N12+ N15 G N16 N33+ G N16 N15 G N17 N14 G S16 S17 G N14 N16 G S06 N17 G N33 S34 G N17,,N09 N10 N02 N03 N04 N16 N17 N35 N34 S24 S25 S09
Parallel MCTS Beeline,Monte Carlo Beeline 4,Two,Normal,36,218095,40,S34 N23 G N27 N09 G S08 N02 G S03 N07 G S05 S01 G S20 S10 G N20 N38 G N18 S06 G S19 S07 G N23 N26 G N16 S06 G S02+ N23 G,,N02 N10 N11 N12 N29 N30 S40 S21 S06 S07 S01 S02
Monte Carlo Beeline 4,Monte Carlo Beeline 4,Two,Normal,36,226355,73,S02 S09 G S29 S27 G N35 N13 G N01 S27+ G S16 S12+ G S10 N31 G N21 S40 G S10 N39 G S22 N22 G S06 S07 G N06 S21+ G N22 S07 G,,N30 N29 N12 N11 N10 N09 N08 N23 N22 S32 S31 S30
Parallel MCTS Beeline,Parallel MCTS Beeline,One,Normal,37,235646,17,N05 N27 G S13 S36 G N25 S05 G S38 S20 G S18 N08 G S21 S06 G S23 N22 G N09 S32 G N23 S07 G S21 N23 G S22+ N35 G S06 N38 G N08,N17 N16 N04 N05 N01 N07 N08 N23 N24 S34 S35 S17,
Monte Carlo Tree Search,Monte Carlo Beeline 3,Two,Normal,16,99450,57,N40 S11 G S31 S24 G N18 N08 G N22 N10 G S07 S13 G S09,,N09 N08 N23 N22 S32 S31 S14 S13 S12 S11 S10 S09
Parallel MCTS Beeline,Monte Carlo Tree Search,One,Normal,19,119058,74,S09 S17 G N21 S39 G S34 N28 G N02 S15 G S13 S31 G S29 S03 G S15,S24 S25 S09 S10 S02 S03 S13 S14 S15 S33 S34 N24,
Parallel MCTS,Monte Carlo Beeline 3,One,Normal,19,127588,72,S10 S11 G S16 S13 G S33 N23 G N33 N25 G S40 S31 G S24 S14+ G N24,N09 N25 N24 S34 S33 S15 S14 S13 S03 S02 S10 S09,
Parallel MCTS,Parallel MCTS,Two,Normal,21,137493,11,N12 N35 G N40 N22 G S22 N08 G S09 N25 G N06 S03 G S16 S10 G N23 S10 G,,N16 N17 N35 N34 S24 S25 S09 S10 S02 S03 S04 S16
Parallel MCTS,Parallel MCTS Beeline,Two,Normal,21,137492,0,N07 S26 G S39 S28 G S03 N39 G S32 N21 G S29+ N40 G S23 N38 G N40 S22 G,,N37 N36 S26 S25 S24 S23 S22 S21 S40 S39 S38 S37
Parallel MCTS,Monte Carlo Beeline 4,One,Normal,21,137529,14,N17 N24 G N13 S22 G S20 N19 G S16 N04 G S02 N03+ G N03+ S18 G N18 S17+ G,N18 N17 N35 N34 S24 S23 S22 S21 S06 S20 S19 S18,
Monte Carlo Beeline 4,Parallel MCTS,One,Normal,25,150939,76,S13 S12 G N09 S08 G S32 S04 G N21 N22 G S03+ S01 G S21 S02+ G S02+ S22 G N34 N38 G N23,N23 N22 S32 S31 S14 S13 S03 S02 S10 S09 S08 S23,
Monte Carlo Beeline 3,Monte Carlo Beeline 3,One,Normal,24,150979,61,S04 S26 G N01 N10 G N22 S01 G N27 N19 G N17 N16 G S14 S10 G S33 N06 G S18 S08 G,N10 N09 N25 N24 S34 S33 S15 S16 S04 S03 S02 S10,
Monte Carlo Beeline 4,Parallel MCTS Beeline,One,Normal,24,152091,76,S13 S03 G S34 S13+ G N06 N12 G S10 N16 G S15 S16 G N33 N15 G S17 N37 G S16 N17+ G,N15 N16 N17 N18 N19 N20 N39 N40 S30 S31 S14 S15,
Monte Carlo Beeline 3,Parallel MCTS,One,Normal,25,157985,76,S13 S11 G S31 S30 G N01 S31+ G S20 N40 G S29 N20 G N38 N21 G S12 N03 G N06 S18 G N06,N04 N05 N01 N07 N06 N21 N40 S30 S29 S12 S13 S03 S04,
Parallel MCTS Beeline,Monte Carlo Beeline 3,One,Normal,25,158271,71,S08 S31 G N26 S35 G N22 S32 G N35 N24 G S05 S16 G S18 S37 G S28 S36 G S18 S17 G S18,N23 N24 S34 S35 S17 S18 S19 S05 S01 S07 S08 S23,
Monte Carlo Tree Search,Monte Carlo Beeline 4,One,Normal,27,169144,75,S11 S03 G N12 S20 G S34 N22 G S08 S31 G S24 S21 G S15 N32 G S32 S25 G S25 S36 G N01 N40+ G,N26 S36 S35 S34 S33 S32 S31 S30 S29 S28 S27 S26,
Parallel MCTS Beeline,Monte Carlo Beeline 4,One,Normal,27,176776,15,N15 N19 G N08 S08 G S18 S19 G S25 S26 G S01 S25+ G S26 N36 G S28 S03 G S04 N28 G N29 N12 G,N35 N34 N33 N32 N31 N30 N29 N28 S38 S37 S36 S35,
Parallel MCTS Beeline,Parallel MCTS,One,Normal,27,176783,66,S18 S07 G S14 S02 G N08 S05 G S12 S21 G S24 S39 G N30 N19 G S19 N18 G S20+ S40 G S19 S28 G,N19 N05 N01 N07 N08 N23 N24 S34 S35 S17 S18 S19,
Monte Carlo Beeline 3,Monte Carlo Beeline 4,One,Normal,27,176796,61,S04 S34 G N19 N23 G S36 N27 G N21 N15 G N10 N13 G N04 S31 G N22 S10 G N03+ N26 G N02 S39 G,N02 N10 N09 N25 N26 S36 S37 S18 S19 S05 S01 S02,
Parallel MCTS,Monte Carlo Tree Search,Two,Normal,28,176854,40,S34 N18 G S23 S24 G S12 S11 G N12 S12+ G S11 S27 G S10 N03 G N10 N14 G N09 N15 G N10+ N09 G N15,,S28 N38 N37 N18 N17 N16 N15 N14 N13 N12 N29 N28
Monte Carlo Tree Search,Parallel MCTS,Two,Normal,28,177032,57,N40 S15 G S27 S13 G S01 S29 G S31 N36 G S25 S08 G N26 N27 G S10 S38 G S09 S40 G N27 S20 G N28,,S28 S29 S30 S31 S32 S33 S34 S35 S36 S37 S38 N28
Monte Carlo Beeline 4,Monte Carlo Beeline 4,Two,Normal,28,177337,76,S13 S04 G N33 S08 G S32 S10 G N27 N11 G N23 S20 G N09 N08 G N13 N02 G N11 S40 G S26 S09 G S25,,N25 N26 S36 S35 S17 S16 S04 S03 S02 S10 S09 S25
Monte Carlo Tree Search,Parallel MCTS Beeline,Two,Normal,28,177326,75,S11 N12 G N37 N21 G S08 S29 G S14 N17 G S17 N19 G N04 N05 G N18 N34 G N18 N05 G N35 S34 G N05,,N13 N03 N04 N05 N19 N18 N37 N38 S28 S29 S12 S13
Monte Carlo Beeline 3,Monte Carlo Tree Search,Two,Normal,30,183406,76,S13 S28 G S15 N37 G S30 S02 G N25 S04 G S05 N39 G S20 S06 G N06 N21 G S20+ S21 G S08 N21+ G S38 S40 G,,N10 N09 N08 N23 N22 N21 N40 N39 N38 S28 S27 S11 S10
Monte Carlo Beeline 4,Monte Carlo Beeline 3,One,Normal,30,187488,29,S40 N06 G N13 N22 G N11 S22 G S06 S08 G S21+ S31 G S06 S21 G S21+ S23 G S06 S31 G S01 N38 G S12 S13 G,N10 N11 N27 N28 S38 S39 S20 S19 S05 S01 S02 S10,
Parallel MCTS Beeline,Parallel MCTS Beeline,One,Normal,31,196391,55,S25 S29 G N17 N38 G N01 S38 G N19 S05 G S33 N24 G N06 N03 G N33 S16 G N14 N26 G S04+ S16 G S17 N32+ G S16,N33 N34 S24 S23 S08 S07 S01 S05 S04 S16 S15 S33,
Monte Carlo Tree Search,Monte Carlo Tree Search,Two,Normal,34,215987,77,S03 S01 G S12 S11 G N34 S26 G S12+ S09 G N04 S02 G N08 S11 G N10 N09 G S10 N26 G S10 S35 G N10 S37 G S03 S05+ G S17,,N07 N08 N23 N24 S34 S35 S17 S18 S19 S05 S01 S07
Monte Carlo Beeline 4,Monte Carlo Tree Search,Two,Normal,42,234723,76,S13 S27 G S31 N33 G S33 S07 G S39 S09 G N26 N11 G N01 S02 G S08 S10 G S10 S01 G N28 S19+ G S07 N19 G N06 S07 G S21 N06 G N19 N18+ G N09 N27 G,,N10 N02 N01 N07 N06 N21 N40 S30 S29 S12 S11 S10
Monte Carlo Beeline 3,Parallel MCTS Beeline,One,Normal,37,235871,61,S04 S38 G N01 N10 G N31 S23 G N27 S20 G S21 N39 G S07 N35 G S10 N24 G S20 N23 G S26 S20 G S27 N22 G N08 S32 G S27 N02 G S27,N14 N15 N33 N34 N35 N36 S26 S27 S11 S12 S13 S14,
Monte Carlo Tree Search,Monte Carlo Beeline 3,One,Normal,19,125247,38,N37 N04 G S30 N21 G S24 S40 G N20 N39 G S22 N23 G N40 S06 G N40,N22 N21 N40 N39 N38 N37 N36 S26 S25 S24 S23 S22,
Monte Carlo Beeline 4,Monte Carlo Tree Search,Two,Normal,21,130385,41,N24 N08 G S30 N03 G S08 N26 G S01 N28 G S12 N37 G S27 N25 G S18 N25 G,,S36 N26 N25 N09 N08 N07 N06 N21 N40 N39 N38 N37 N36
Parallel MCTS,Monte Carlo Beeline 4,One,Normal,21,137370,22,N21 S34 G N05 N25 G S28 S21 G N23 N07 G N10 S11 G N33 N28 G S37 S19 G,S28 N38 N39 N40 N21 N06 N07 N08 N09 N10 N11 N27 N28,
Monte Carlo Beeline 4,Monte Carlo Beeline 3,One,Normal,21,137576,50,S23 N35 G N29 N14 G N05 N03 G N16 S13 G S10 N32 G S27 N04 G N31+ N10 G,N14 N31 N32 S22 S23 S08 S09 S10 S02 S03 S13 S14,
Parallel MCTS,Monte Carlo Beeline 3,Two,Normal,22,138529,7,N09 N19 G N32 N39 G S18 S19 G N21 N06 G S18+ S20 G N16 N20 G S05 N06 G N19,,N19 N05 N04 N16 N15 N33 N32 S22 S21 S06 S20 S19
Monte Carlo Beeline 3,Parallel MCTS Beeline,Two,Normal,22,138719,39,N39 S22 G N12 S05 G S11 S28 G S26 S24 G S30 N23 G N09 N10 G S29 S02 G N10,,N22 N23 N08 N09 N10 N11 N12 N13 N14 N31 N32 S22
Parallel MCTS Beeline,Monte Carlo Beeline 4,Two,Normal,22,140431,41,N24 S38 G S04 N27 G N31 N12 G S12 S19 G N28 N29 G S17 S28 G N28 N40 G S30,,S40 S39 S38 S37 S18 S17 S16 S04 S03 S13 S12 S29 S30 N40
Monte Carlo Tree Search,Monte Carlo Beeline 4,Two,Normal,22,140997,57,N40 S30 G N25 S34 G N36 N22 G S21 N29 G S13 N27 G S32+ N28 G S27 S11 G S12,,N11 N10 N09 N08 N23 N22 S32 S31 S30 S29 S12 S11
Parallel MCTS,Parallel MCTS,Two,Normal,22,141367,0,N07 S19 G S23 S17 G N37 S36 G S34 S38 G N12 S18 G N39 S35 G S37 S35 G S37,,N34 S24 S23 S22 S21 S06 S20 S19 S18 S37 S36 S35 S34
Monte Carlo Tree Search,Parallel MCTS,Two,Normal,22,141482,38,N37 S06 G N27 N10 G S13 S26 G N01 S09 G N22 S24 G S31 S32 G S25 S31+ G S25,,N26 N27 N28 S38 S39 S40 S21 S22 S23 S24 S25 S26
Monte Carlo Beeline 3,Parallel MCTS,Two,Normal,24,156998,56,S30 S37 G N04 N16 G N19 N33 G N04+ N12 G N08 N10 G S10 S03 G S01 S07 G S25 S04 G,,N10 N02 N03 N04 N16 N15 N33 N34 S24 S25 S09 S10
Monte Carlo Beeline 3,Monte Carlo Tree Search,Two,Normal,24,157002,56,S30 S15 G S10 N16 G S34 S36 G N33 S17 G S24 S19 G N22 S18 G N08 S19+ G N27 N23 G,,N27 N26 S36 S37 S18 S19 S05 S01 S02 S10 S11 S27
Parallel MCTS Beeline,Parallel MCTS,One,Normal,25,158323,33,S24 S38 G N02 S05 G N27 S16 G N29 S18 G N13 S37+ G N03+ S18 G S35 N18 G S36+ S17 G S35,N35 N34 S24 S23 S08 S07 S01 S05 S19 S18 S17 S35,
Parallel MCTS Beeline,Monte Carlo Beeline 3,One,Normal,25,166882,55,S25 S29 G N17 N38 G N01 S01 G N40 S03 G N36 S40 G N06 S11 G N18 S02 G N19 N11 G N19,N10 N02 N01 N05 N19 N18 N37 N36 S26 S25 S09 S10,
Monte Carlo Tree Search,Parallel MCTS Beeline,One,Normal,27,171017,71,S08 S13 G S18 S29 G S38 S10 G S26 N36 G N25 N27 G S36 N26 G N26+ N36 G S26 N35+ G N34+ N20 G,S40 S21 S22 N32 N33 N34 N35 N17 N18 N37 N38 N39 N40,
Monte Carlo Beeline 4,Parallel MCTS,Two,Normal,27,176684,65,S05 N30 G N08 N28 G N13 S37 G N18 S39 G N12 S40+ G S39 N26 G N33 S35 G N38 N34 G S36 N32+ G,,N35 N17 N18 N19 N05 N01 N07 N08 N23 N24 S34 S35
Parallel MCTS,Monte Carlo Tree Search,Two,Normal,28,176783,51,S21 N07 G S28 N09 G N05 S07 G S09 N39 G S31 S30 G N40 N21 G N21 S18 G N36 S19 G N15 N33 G S19,,N37 N36 S26 S27 S11 S10 S02 S01 S05 S19 S18 S37
Parallel MCTS,Parallel MCTS Beeline,One,Normal,27,176826,31,N31 N28 G S01 S19 G N19 S40 G S22 S06 G N22 S23 G N39 S20+ G S17 N21 G N07 N06 G N09 S33 G,S32 N22 N21 N06 N20 N19 N05 N04 N16 N15 N33 N32,
Parallel MCTS Beeline,Parallel MCTS Beeline,Two,Normal,28,177021,4,N10 N19 G N32 N33 G N14 N24 G S36 N39 G N22 S09 G N07 S05 G S40 S07 G N36 S26 G N08 S20 G S26,,N07 N01 N05 N19 N18 N37 N36 S26 S25 S09 S08 S07
Monte Carlo Beeline 3,Monte Carlo Beeline 4,Two,Normal,28,177464,38,N37 S28 G N21 S21 G S30 N40 G N25 N23 G S25 S19 G S38 N10 G N03 N07 G S03 S04 G S01 N08 G N09,,N27 N26 N25 N09 N08 N07 N06 N21 N40 S30 S29 S28 S27
Parallel MCTS Beeline,Monte Carlo Tree Search,Two,Normal,33,203625,59,S29 N38 G S09 S25 G N09 S31 G N34 N35 G S04 N16 G S17 N21 G S21 S30 G S39 S19 G N40 N30 G N01 N06 G S18 N37 G,,N38 N37 N18 N17 N16 N15 N14 N31 N30 S40 S39 S38
Monte Carlo Tree Search,Monte Carlo Tree Search,One,Normal,33,206647,38,N37 S30 G N19 N04 G S12 N17 G N15 N39 G N06 N20+ G N01 N39+ G N08 N09 G N09+ N24 G S07 S20 G S40 N07 G S19 N26 G,N07 N06 N20 N39 N38 S28 S27 S26 S25 S09 S08 S07,
Monte Carlo Beeline 4,Monte Carlo Beeline 4,One,Normal,33,208863,65,S05 S18 G S21 S39 G N27 N02 G S07 N07 G S01+ S19 G N09 N25 G N23 N20 G S20 S31 G N10 N22 G N22 N21+ G S34 N35 G,N10 N09 N08 N07 N06 N21 N40 S30 S31 S14 S13 S03 S02 S10,
Monte Carlo Beeline 4,Parallel MCTS Beeline,Two,Normal,34,216149,41,N24 S13 G S22 N32 G N40 S35 G N36 S26 G S28 N38 G S29 S39 G N29 N11 G N27 N26+ G N27 N39 G N26 S28+ G N34 S11 G N40,,N17 N18 N37 N38 N39 N40 S30 S31 S14 S15 S16 S17
Monte Carlo Beeline 3,Monte Carlo Beeline 3,Two,Normal,34,216150,57,N40 N19 G S38 N01 G N15 N22 G S29 N06 G S31 N03 G N04 S02 G N12 S13 G S05 S04 G S16 S22 G S26 S03 G N13 S34 G S22,,N23 N24 S34 S35 S36 S37 S38 S39 S40 S21 S22 S23
Parallel MCTS,Monte Carlo Beeline 4,One,Normal,19,121306,27,N27 S36 G N07 N23 G N32 N10 G S11 N25 G N30 N26 G N38 S02 G N26,N22 N23 N24 N25 N26 N27 N28 N29 N30 N31 N32 S22,
Monte Carlo Beeline 3,Monte Carlo Beeline 3,One,Normal,21,121753,38,N37 N02 G S32 S31 G S15 S17 G S04 S36 G N16 S38 G S16 N15 G S34 S39 G,N14 N15 N16 N17 N18 N37 N38 S28 S29 S30 S31 S14,
Monte Carlo Beeline 3,Monte Carlo Tree Search,Two,Normal,21,128256,38,N37 N16 G N06 S32 G N33 S28 G N12 N39 G N40 N21+ G S40 S30 G N40 S40+ G,,N21 N06 N07 N01 N05 N04 N03 N13 N12 N29 N30 S40 S21
Monte Carlo Beeline 3,Parallel MCTS,Two,Normal,21,137647,38,N37 S30 G S26 S12 G N15 S28 G S22 N28 G S24 S23 G S37 N24 G N30 N23 G,,S32 S31 S30 S29 S28 S27 S26 S25 S24 S23 S22 N32
Parallel MCTS,Monte Carlo Beeline 3,Two,Normal,22,138956,51,S21 N37 G N03 N27 G N23 N30 G S38 N14 G N12 S13 G S29 S03 G N31 N25 G S03,,N03 N04 N16 N17 N18 N37 N38 S28 S29 S12 S13 S03
Parallel MCTS Beeline,Monte Carlo Beeline 4,Two,Normal,22,139050,40,S34 N23 G N27 N09 G S07 N02 G N40 N21 G S37 N24 G N22+ N34 G S29 N24+ G N30,,N30 N29 N28 N27 N26 N25 N24 N23 N22 N21 N40 S30
Monte Carlo Tree Search,Parallel MCTS Beeline,Two,Normal,22,147289,20,N22 S03 G S39 S12 G N10 N08 G N14 N15 G N25 N31 G S13 N15+ G N14 N13 G N14,,N13 N14 N31 N30 S40 S39 S20 S19 S05 S04 S03 S13
Monte Carlo Beeline 3,Monte Carlo Beeline 4,One,Normal,24,148113,38,N37 S31 G S03 N40 G N31 N04 G N34 S24 G S23 S21 G N08 N23 G S06 S07 G N22 S30 G,N30 N31 N32 S22 S23 S24 S25 S26 N36 N37 N38 N39 N40 S30,
Parallel MCTS,Monte Carlo Tree Search,One,Normal,24,157252,22,N21 N10 G S16 S17 G S33 S32 G S39 S33+ G N19 N18 G S19 N28 G N29 S15 G S25 N29+ G,N30 N29 N28 S38 S37 S36 S35 S34 N24 N23 N22 N21 N40 S30,
Monte Carlo Tree Search,Parallel MCTS,One,Normal,25,157743,54,S27 S33 G N03 N08 G N20 N06 G S39 N20+ G S37 N06 G S19 S06 G N07+ S20+ G N30 S05 G N06,N25 N09 N08 N07 N06 N20 N19 N18 N37 N36 S26 S25,
Monte Carlo Tree Search,Monte Carlo Beeline 4,One,Normal,27,167241,24,N26 S37 G S33 S39 G N22 N23 G S23 N07 G S04 N30 G S38 S29 G S40+ N29 G N39 S12 G S01 N29+ G,N01 N07 N06 N21 N40 S30 S29 S12 S13 S03 S04 S05 S01,
Monte Carlo Tree Search,Monte Carlo Beeline 3,One,Normal,27,169466,20,N22 S14 G S35 S12 G N03 S40 G N14 N31 G N31+ S30 G N40 S29+ G S31 N34 G S23 N33 G N39 S22 G,N10 N02 N01 N07 N06 N20 N39 N38 S28 S27 S11 S10,
Parallel MCTS Beeline,Parallel MCTS Beeline,One,Normal,27,176672,72,S10 N10 G S14 N12 G N04 S27 G N14 S12 G S39 N39 G N34 S29 G S21 S40 G S28 N26 G N13 N03 G,N13 N12 N29 N28 S38 S39 S20 S06 S07 S01 S02 S03 S13,
Parallel MCTS Beeline,Parallel MCTS,Two,Normal,27,176720,54,S27 N33 G N01 N16 G S16 N18 G N26 N36 G N28 S18 G N17 S35 G S37 N12 G S36+ S17 G S23 S24+ G,,S24 N34 N33 N32 N31 N14 N13 N12 N11 N10 N09 N25 N24
Parallel MCTS Beeline,Monte Carlo Tree Search,Two,Normal,28,177369,75,S11 S12 G N37 S30 G N04 N32 G S39 N35 G S16 N16 G N16 N15 G S37 N33+ G S05 N17 G S29 N04 G S04,,N04 N16 N15 N33 N32 S22 S21 S06 S20 S19 S05 S04
Monte Carlo Beeline 3,Parallel MCTS Beeline,Two,Normal,28,177405,38,N37 S14 G S20 S05 G N09 S18 G S22 S32 G S17 S10 G S25 N40 G S33 N26 G S34 S31 G N31 N27 G S27,,N27 N28 S38 S39 S40 S21 S22 S23 S08 S09 S10 S11 S27
Monte Carlo Tree Search,Monte Carlo Tree Search,Two,Normal,28,181242,54,S27 N13 G S19 S39 G S23 S21 G N30 S06 G S06+ S21+ G S20 S06 G N06 N39 G S20+ S39 G S33 S31 G S39,,N01 N02 N10 N11 N12 N29 N30 S40 S39 S20 S19 S05 S01
Parallel MCTS,Parallel MCTS Beeline,Two,Normal,28,186555,40,S34 N12 G N23 N10 G N04 N01 G S10 S11 G S11+ S13 G N02 N31 G S39 S40 G S31 N05 G S08 N35 G S40,,N21 N06 N07 N01 N02 N03 N13 N12 N29 N30 S40 S21
Monte Carlo Beeline 4,Parallel MCTS Beeline,One,Normal,30,187588,12,N16 N01 G N39 N06 G S01 S04 G N19 N37 G N28 N29 G S19 N11 G N38 S30 G S14 N40 G N12 N13 G N40 N12+ G,N26 N27 N11 N12 N13 N14 N15 N16 N17 N35 N36 S26,
Parallel MCTS,Parallel MCTS,One,Normal,30,196380,7,N09 N12 G N19 N03 G N15 N34 G N01 S23 G S05 N32 G S09 S40 G N10 S07 G S25 S08+ G S36 N30 G S38+ S17 G,N02 N10 N09 N25 N26 S36 S35 S17 S16 S04 S03 S02,
Parallel MCTS Beeline,Monte Carlo Beeline 3,Two,Normal,30,196470,75,S11 S08 G N26 S24 G N07 S26 G S01 S25 G N23 S14 G S23 N16 G S30 N21 G N32 N10 G N24 S34 G S31 S13 G,,N31 N32 S22 S21 S06 S07 S01 S05 S04 S16 S15 S14 S31
Monte Carlo Beeline 4,Monte Carlo Tree Search,Two,Normal,33,206917,12,N16 N18 G N08 N07 G N22 N05 G N08+ S26 G N26 S11 G N28 S28 G S29 S12 G S30 N12 G N11 N27 G N11 N34+ G S24+ N17 G,,N10 N02 N01 N07 N06 N20 N39 N40 S30 S29 S12 S13 S03 S02 S10
Monte Carlo Beeline 4,Monte Carlo Beeline 3,Two,Normal,34,216388,12,N16 S15 G S06 S21 G N23 N05 G N39 N20 G S03 N21 G N37 S28 G S18 N19 G S38 S05 G S36 N27 G N11 N29 G N10 S29 G N28,,N20 N19 N05 N01 N02 N10 N11 N27 N28 S38 S39 S20
Monte Carlo Beeline 4,Monte Carlo Beeline 4,Two,Normal,36,229728,12,N16 N05 G N12 N02 G S05 S02 G S22 S11 G S25 N04 G N13+ S40 G N03 S15 G S17 N21 G N38 N39 G S36 S34 G S13 S35+ G S16+ S29+ G,,N14 N13 N12 N11 N27 N26 S36 S35 S17 S16 S15 S14
Monte Carlo Beeline 4,Parallel MCTS,Two,Normal,40,255298,12,N16 N23 G N38 N39 G S32 N19 G N38+ N25 G N39 N24+ G S19 S02 G S17 S09 G N28 S39 G S37 S36 G S36+ S07 G S21 S08+ G N18 N21+ G N01 N20+ G N06,,N08 N07 N06 N20 N19 N18 N37 N36 S26 S25 S09 S08
Monte Carlo Beeline 3,Parallel MCTS,One,Normal,19,119257,4,N10 S34 G N06 S06 G N19 N37 G N39 S37 G N35 N36 G N26 N28 G S19,N19 N05 N01 N02 N10 N11 N27 N28 S38 S37 S18 S19,
Monte Carlo Beeline 4,Parallel MCTS,One,Normal,19,119512,54,S27 N25 G N04 N16 G S04 N36 G N18 S37 G N34 S35 G S26 S02 G S17,N38 S28 S27 S11 S10 S02 S03 S04 S16 S17 S18 S37 S38,
Monte Carlo Beeline 4,Parallel MCTS Beeline,One,Normal,19,119806,23,N23 S12 G S07 S30 G N38 S26 G S38 N26 G N29 N11 G S36 N28 G N28,S28 N38 N39 N40 N21 N22 N23 N24 N25 N26 N27 N28,
Monte Carlo Beeline 3,Monte Carlo Beeline 4,Two,Normal,21,134144,4,N10 N03 G S40 N14 G S03 N12 G N07 S26 G N13 S14 G N13 N05 G N02 N05 G,,N06 N07 N01 N05 N04 N03 N13 N12 N29 N30 S40 S21 S06
Monte Carlo Tree Search,Monte Carlo Tree Search,Two,Normal,22,137774,49,N32 N01 G N36 S10 G N10 S08 G S25 N18 G S06 S04 G S32 N21 G N23 N16 G N17,,N08 N07 N01 N05 N04 N16 N17 N35 N36 S26 S25 S09 S08
Monte Carlo Beeline 4,Monte Carlo Tree Search,Two,Normal,24,146391,28,N30 S26 G S19 S09 G S12 S23 G S07 N37 G S35 S36 G N36+ S37 G N18 S36+ G S04+ N22 G,,N17 N35 N34 S24 S23 S08 S07 S01 S05 S19 S18 S17
Parallel MCTS,Parallel MCTS,Two,Normal,22,147305,79,S14 S02 G S35 S18 G S09 S28 G S20 S12 G N33 S26 G S10 N37 G S38 N38+ G S10+,,N39 N38 S28 S27 S11 S10 S02 S01 S07 S06 S20 S39
Monte Carlo Tree Search,Parallel MCTS Beeline,Two,Normal,22,147315,63,S17 N26 G N34 N28 G N03 S39 G N12 N21 G N31 N14 G S03 N16 G S14 N15 G N27,,N25 N26 N27 N11 N12 N13 N14 N15 N33 N34 S24 S25
Monte Carlo Beeline 3,Parallel MCTS Beeline,One,Normal,25,157994,4,N10 N37 G N14 N39 G S10 N08 G S37 N05 G S29 N06 G S20 S06 G N30 N19 G N19 S40 G S06,S40 S21 S06 S07 S01 S02 S10 S11 S12 S29 S30 N40,
Parallel MCTS,Monte Carlo Beeline 3,One,Normal,25,158627,57,N40 S29 G S32 N24 G S38 N06 G S23 S08 G S08+ S25 G S23 S10 G S09+ S22 G S20 N32 G S20,N09 N25 N26 S36 S37 S38 S39 S20 S06 S07 S01 S02 S10 S09,
Parallel MCTS,Monte Carlo Beeline 4,One,Normal,25,158991,53,N36 S28 G S02 N39 G S22 N18 G S37 N37+ G N29 N38 G N37 N26 G S19 N27 G S17 N38 G N27,N25 N26 N27 N28 N29 N30 S40 S21 S22 S23 S24 S25,
Monte Carlo Tree Search,Monte Carlo Beeline 4,One,Normal,25,160385,63,S17 S04 G N22 S31 G S26 S33 G S13 S16 G S21 S38 G N32 N02 G S14 N38 G S20 S11 G S14+,S36 S35 S17 S16 S15 S14 S31 S30 S29 S28 S27 S26 N36,
Parallel MCTS,Monte Carlo Tree Search,One,Normal,25,162182,33,S24 N14 G S06 N30 G N33 N28 G S10 S39 G S37 S21+ G N39 S40+ G N01 S21 G S21+ N21 G S40,S36 S37 S38 S39 S40 N30 N31 N32 N33 N34 N35 N36,
Parallel MCTS Beeline,Monte Carlo Beeline 3,Two,Normal,27,162660,23,N23 N28 G S16 S29 G S25 S32 G N40 S18 G N01 S35 G S06 S21 G S36 N18 G S30 S36 G S06 N15 G,,N17 N18 N19 N20 N39 N40 S30 S31 S14 S15 S16 S17
Monte Carlo Tree Search,Monte Carlo Beeline 3,One,Normal,27,172891,27,N27 N25 G S18 S19 G N05 S39 G N39 N21 G S21 S03 G S09 S15 G N32 S16 G N16 S15+ G N07+ S04 G,N06 N20 N19 N05 N04 N03 N13 N12 N29 N30 N31 N32 S22 S21 S06,
Monte Carlo Beeline 3,Monte Carlo Tree Search,Two,Normal,27,176528,4,N10 S30 G N16 N39 G S22 S26 G N29 S18 G N35 N36 G S36 N13 G N35 N34 G N31 S05 G N14 S03 G,,N15 N16 N17 N35 N36 S26 S27 S11 S12 S13 S14 S15
Monte Carlo Tree Search,Parallel MCTS,Two,Normal,27,176879,49,N32 S38 G N03 N27 G S04 N30 G S01 N12 G S27 N14 G S14 N31 G S32 N29 G N31 S23+ G S29 S36 G,,N01 N02 N03 N13 N14 N31 N30 S40 S39 S20 S06 S07 S01
Parallel MCTS Beeline,Parallel MCTS Beeline,Two,Normal,28,176977,15,N15 N13 G N19 N05 G S27 S13 G S18 N29 G N27 S22 G S24 S32 G N35 S30 G S35 S06 G S31 S20 G S31,,N19 N20 N39 N40 S30 S31 S14 S13 S03 S04 S05 S19
Parallel MCTS Beeline,Parallel MCTS,Two,Normal,28,177086,18,N20 S30 G N36 S28 G S10 S11 G N15 N34 G N27 N17 G S27 S13 G N35 N37 G S12+ N35 G N18 S37 G N18,,N13 N14 N15 N16 N17 N18 N37 N36 S26 S27 S11 S12 S13
Parallel MCTS Beeline,Monte Carlo Beeline 4,Two,Normal,28,177502,64,S19 N18 G N23 N38 G N05 S29 G N20 N25 G N07 S35 G N22+ N33 G S33 N21+ G N24 N06 G N06 N40+ G S34,,N35 N17 N18 N19 N20 N39 N40 N21 N22 N23 N24 S34 S35
Parallel MCTS Beeline,Monte Carlo Tree Search,Two,Normal,28,177915,1,N01 S17 G S29 S15 G S01 N23 G S06 S23 G N21 S32 G N34 S09 G N36 S26 G S32 N32 G N14 N31 G N22,,N26 N25 N24 N23 N22 S32 S31 S30 S29 S28 S27 S26
Parallel MCTS,Parallel MCTS Beeline,One,Normal,30,196212,22,N21 S29 G N19 N18 G S22 N07 G N38 N18+ G N20 N19 G S37 S18 G S19 S07 G S20 S39 G N24 S20 G N20 S40+ G,N17 N16 N15 N33 N32 S22 S21 S40 S39 S20 S19 S18 S17,
Monte Carlo Beeline 3,Monte Carlo Beeline 3,One,Normal,31,196521,49,N32 S06 G S27 S01 G S23 N15 G S14 S12 G S33 S09 G N11 N13 G S07 S16 G S08 N07 G S15 N08 G S08 S06 G S21,N13 N14 N31 N32 S22 S21 S06 S07 S01 S02 S03 S13,
Monte Carlo Beeline 4,Monte Carlo Beeline 4,One,Normal,33,201750,23,N23 S32 G N18 S30 G N05 S12 G S17 N31 G S28 N21 G S24 S23 G S23+ N20 G N13 N21 G S27 N15 G N13 S25 G N21 N27 G,N07 N01 N02 N03 N13 N14 N31 N32 S22 S23 S08 S07,
Monte Carlo Beeline 4,Monte Carlo Beeline 3,One,Normal,37,236369,28,N30 S17 G S27 S11 G S08 N12 G S13 S12 G S14 S22 G S06 N23 G S32 S31 G S31 N03 G N03 S15 G S31 S29 G N40 S30 G N01 S24 G S30,N07 N08 N23 N22 N21 N40 S30 S29 S12 S11 S10 S02 S01 S07,
